Date,Total_Energy_kWh,Average_Power_W,Maximum_Power_W,Average_Temperature,Average_Irradiance
2017-01-01,0.0,,,2.5199305555555553,157.6625
2017-01-02,0.0,,,3.262722222222222,43.74722222222222
2017-01-03,0.8000532801310222,93.75624376535417,157.658935546875,3.506715277777778,146.13819444444445
2017-01-04,0.8985330757141116,103.67689335162825,169.523620605469,4.471958333333333,163.76319444444445
2017-01-05,1.0187070800781255,117.99695908240835,183.976409912109,5.628069444444445,186.69097222222223
2017-01-06,0.38149325459798195,108.99807274228056,176.87255859375,2.1601875,185.49166666666667
2017-01-07,0.0,,,-0.32105555555555554,163.5388888888889
2017-01-08,0.0,,,-0.8104166666666667,126.04375
2017-01-09,0.8036148602803552,113.45150968663837,166.071090698242,-0.10471527777777777,161.00277777777777
2017-01-10,0.046996602121988945,6.211004685725411,12.3255157470703,0.2695496129486277,8.017593244194229
2017-01-11,0.08387027384440109,10.892243356415726,19.4861755371094,-0.3709861111111111,14.279861111111112
2017-01-12,0.09238563791910813,11.819058155962662,23.2415161132813,0.41591666666666666,16.01736111111111
2017-01-13,0.49866197001139345,57.98395000132482,184.553863525391,1.4702638888888888,86.28125
2017-01-14,0.7435505302429202,85.62961960571057,217.012802124023,4.160576388888889,137.3486111111111
2017-01-15,0.9287558926900232,106.34609458282709,173.770874023438,4.056805555555556,172.5222222222222
2017-01-16,1.0299671384175624,115.9437679269301,178.794006347656,2.194472222222222,190.71319444444444
2017-01-17,0.619482173919678,71.06870064088083,176.022720336914,3.460083333333334,114.33611111111111
2017-01-18,0.9617733174641931,108.67495112589754,171.650390625,2.8662847222222223,177.8111111111111
2017-01-19,0.9111286188761394,102.95238631368805,166.085037231445,3.4119583333333336,169.13125
2017-01-20,0.8675790278116864,96.39766975685404,157.248962402344,3.0236041666666664,159.4611111111111
2017-01-21,0.8872389864603681,97.67768658279282,157.022583007813,2.766138888888889,163.42013888888889
2017-01-22,1.0044689839680996,111.40136605930866,176.435577392578,3.7728055555555557,185.64375
2017-01-23,0.8531949139912925,93.41550153189334,162.186889648438,4.416993055555555,156.09027777777777
2017-01-24,0.9646152679443364,107.17947421603738,170.737457275391,5.04225,180.26319444444445
2017-01-25,0.8114097506205245,118.4539781927773,170.73095703125,4.368104166666667,179.92569444444445
2017-01-26,0.9547659111022953,104.72752224156804,166.813171386719,2.3379375000000002,175.78194444444443
2017-01-27,0.4921791641235353,53.208558283625436,161.378173828125,2.8612361111111113,86.95972222222223
2017-01-28,0.48792561492919934,52.84392941471473,145.149749755859,2.7133333333333334,87.35277777777777
2017-01-29,0.7281955726623537,79.00856122918847,134.958847045898,3.3994722222222222,136.98611111111111
2017-01-30,0.18148918685913093,20.392043467318082,96.337890625,4.24625,31.471527777777776
2017-01-31,0.061722863515218135,7.699317694206004,16.4447021484375,4.569791666666666,10.842361111111112
2017-02-01,0.07709890365600591,9.498838232772801,19.9052581787109,4.885520833333333,13.18125
2017-02-02,0.02915986378987631,4.256914421879753,13.5520477294922,5.625965277777778,5.406944444444444
2017-02-03,0.10862835769653327,14.84670036854669,71.9354248046875,6.360458333333333,18.448611111111113
2017-02-04,0.0,,,6.004694444444445,12.488888888888889
2017-02-05,0.06077029571533206,7.441260699836579,32.4583282470703,3.389527777777778,9.886111111111111
2017-02-06,0.31852486038208017,33.52893267179791,112.447204589844,5.862145833333333,52.105555555555554
2017-02-07,0.7981719515482588,82.1446262313817,244.209594726563,8.226805555555556,141.78541666666666
2017-02-08,0.14760226008097335,16.014711762854255,41.8326416015625,6.480833333333333,24.422916666666666
2017-02-09,0.3377162958780925,38.01684381366895,197.106857299805,5.8476016830294535,58.22291666666667
2017-02-10,5.181427001953127e-05,0.777214050292969,0.813156127929688,3.9128819444444445,12.090277777777779
2017-02-11,0.0,,,5.574826388888889,16.87152777777778
2017-02-12,0.0,,,6.624388888888889,33.384027777777774
2017-02-13,0.0,,,5.906979166666666,41.80486111111111
2017-02-14,0.0,,,8.466916666666666,170.23333333333332
2017-02-15,0.947353599039714,134.05947156222368,192.466781616211,8.068027777777777,227.42152777777778
2017-02-16,1.1837679087320971,115.86635322010738,183.968124389648,9.231423611111111,222.58263888888888
2017-02-17,0.9842303067525233,96.33575596272658,225.578842163086,9.810263888888889,180.80138888888888
2017-02-18,0.9688033022562665,94.67133246803907,182.738464355469,6.881881944444444,181.5986111111111
2017-02-19,0.5926493652343753,60.888633414490606,179.831466674805,6.0844652777777775,108.73541666666667
2017-02-20,0.4813335332234703,48.70153793154843,171.573486328125,4.418027777777778,86.57291666666667
2017-02-21,0.9015265538533533,88.67474300196918,218.729782104492,7.021833333333333,165.44027777777777
2017-02-22,0.5909420069376629,58.5091095977884,193.888092041016,7.366076388888889,106.54166666666667
2017-02-23,0.15722805379231777,16.667284854309305,63.3805541992188,7.487131944444444,26.564583333333335
2017-02-24,0.31921295191446947,33.25134915775723,103.999450683594,9.597388888888888,54.68263888888889
2017-02-25,1.1666898788452151,111.1133217947824,227.206420898438,9.027743055555556,217.05902777777777
2017-02-26,1.1999998484293621,111.1110970767928,206.109130859375,8.80136111111111,223.45902777777778
2017-02-27,0.740908106740316,73.96753145494004,212.732208251953,8.410097222222223,140.34444444444443
2017-02-28,0.03040641428629558,3.8899463905708633,10.2391662597656,7.7117708333333335,6.5
2017-03-01,1.4509848088582362,134.1434337927491,213.155776977539,10.723902777777777,273.57430555555555
2017-03-02,1.3045464157104496,120.97802927763057,201.152984619141,10.657430555555557,246.11041666666668
2017-03-03,0.010874526468912769,10.038024432842557,26.2997283935547,8.875479166666667,26.715972222222224
2017-03-04,0.0,,,9.116743055555556,40.61666666666667
2017-03-05,0.0,,,10.197125,151.45347222222222
2017-03-06,0.5229779050191246,67.62645323523162,229.011932373047,9.172062500000001,125.275
2017-03-07,1.5265029111226405,137.7295859659525,224.375457763672,11.46575,280.14930555555554
2017-03-08,1.3587401008605964,121.13581879886446,219.686706542969,11.453166666666668,254.15694444444443
2017-03-09,1.4002072591145838,125.95567548257124,207.848236083984,12.461770833333334,264.7708333333333
2017-03-10,1.4972544296264654,132.50039200234207,218.299606323242,15.394625,293.06666666666666
2017-03-11,1.434199251556397,125.80695189091202,211.933959960938,12.6913125,271.51458333333335
2017-03-12,1.3279809359232593,116.83116738327793,206.84619140625,11.795868055555555,248.13958333333332
2017-03-13,1.401718629455567,121.3609202991833,205.556945800781,10.85142361111111,264.56875
2017-03-14,1.3683325350443527,118.9854378299437,210.141632080078,12.538270833333334,259.8125
2017-03-15,1.164333852132162,98.39441003933763,228.542556762695,13.84570138888889,213.77013888888888
2017-03-16,1.0243206309000656,104.52251335714955,183.468978881836,13.604354166666667,231.61041666666668
2017-03-17,1.2952566930135097,111.02200225830082,193.471984863281,13.672270833333332,250.9326388888889
2017-03-18,1.0874656468709316,94.837120366651,231.087158203125,13.652263888888887,201.11527777777778
2017-03-19,1.036511493937175,89.22624051109109,214.574157714844,14.537444444444443,192.93333333333334
2017-03-20,0.7541394920349124,65.19937971483392,192.672729492188,14.590659722222222,138.91875
2017-03-21,0.4235873555501303,37.5965108476447,148.265182495117,14.274722222222222,74.24652777777777
2017-03-22,0.0004007863362630209,0.8015726725260418,0.867950439453125,12.629097222222223,58.795138888888886
2017-03-23,0.0,,,12.071340277777777,35.32013888888889
2017-03-24,0.0,,,12.3844375,44.5375
2017-03-25,0.0,,,13.953277777777778,261.9715277777778
2017-03-26,0.0,,,11.132920289855072,160.75289855072464
2017-03-27,1.1155816248575852,141.21286390602344,249.155639648438,12.04479861111111,264.93819444444443
2017-03-28,1.5299109392801928,125.5740853034358,210.539443969727,13.585111111111113,296.7236111111111
2017-03-29,1.4285902140299487,121.75484778664335,198.751281738281,16.06786111111111,287.28055555555557
2017-03-30,1.4117345975240077,114.93090346192736,201.156372070313,17.558479166666665,275.52708333333334
2017-03-31,1.392341470845541,112.892551690179,202.037109375,17.89445652173913,281.1630434782609
2017-04-01,1.0176214782714847,83.52570273090163,216.447021484375,16.053131944444445,195.0875
2017-04-02,0.7233623357137046,63.17574984399166,237.249298095703,14.313527777777777,129.9611111111111
2017-04-03,1.56673841679891,125.33907334391282,212.755966186523,16.85295138888889,305.68611111111113
2017-04-04,1.3833633300781254,243.40703755040326,59700.9507751465,17.09409722222222,237.1638888888889
2017-04-05,1.3332293655395513,108.68717653855037,243.490844726563,13.718590277777778,247.59791666666666
2017-04-06,0.33270717086792,89.11799219676428,178.828125,15.258298611111112,303.0152777777778
2017-04-07,1.0355581512451175,80.79777512965806,176.024810791016,14.915069444444445,186.2513888888889
2017-04-08,1.542683528900147,119.89768359327569,210.400756835938,16.487270833333334,299.45208333333335
2017-04-09,1.4845797922770188,115.83197338962435,200.699066162109,17.66763888888889,288.0340277777778
2017-04-10,1.1356798192342126,134.665591213543,201.720275878906,18.970314685314683,284.2923076923077
2017-04-11,0.0,,,18.70055754110079,263.8534667619728
2017-04-12,0.0,,,17.722965277777778,269.0388888888889
2017-04-13,1.5575377006530766,119.50417140560691,218.820648193359,17.486118055555554,298.64375
2017-04-14,1.4890686370849615,114.10487640497789,219.783111572266,16.970506944444445,289.46944444444443
2017-04-15,1.105606005350749,84.61270449112874,228.908386230469,17.008340277777776,210.68125
2017-04-16,1.5940824028015146,121.37683270062294,216.690399169922,17.992451388888888,314.5888888888889
2017-04-17,1.356330841827393,102.88223831813346,268.540390014648,14.704652777777778,259.7451388888889
2017-04-18,0.30552525329589847,63.2121213715652,223.027587890625,12.261415492957745,181.67323943661972
2017-04-19,1.4491534550984704,108.95890639838125,275.031768798828,11.00086111111111,272.1048611111111
2017-04-20,1.7280301971435552,128.95747739877277,225.28889465332,11.611145833333333,335.43958333333336
2017-04-21,1.7032374928792322,126.63475783488715,222.68359375,12.211229166666666,328.7861111111111
2017-04-22,1.66091663945516,123.18293988542595,217.111297607422,13.947319444444444,324.59375
2017-04-23,1.631741697184245,120.57204658996886,248.000122070313,15.414111111111112,314.8854166666667
2017-04-24,0.4606284838358562,35.162479682126424,206.608337402344,14.332930555555555,78.87361111111112
2017-04-25,0.0,,,13.647199074074074,2.2916666666666665
2017-04-26,0.00685732396443685,0.7605165210096322,0.859939575195313,10.951318181818182,30.65681818181818
2017-04-27,0.009824705505371095,0.753813721639726,0.87799072265625,12.130388888888888,45.95625
2017-04-28,0.010560140991210939,0.7579048558285363,0.921035766601563,11.861083333333333,314.19444444444446
2017-04-29,0.010426689402262372,0.7386084582476297,0.893051147460938,12.892736111111113,322.0875
2017-04-30,0.010175005086263024,0.726786077590216,0.897750854492188,14.08164492753623,322.40942028985506
2017-05-01,0.01036523869832357,0.7659043373145494,0.894973754882813,10.0434375,26.150694444444444
2017-05-02,1.198993872070313,140.5070943832398,251.234802246094,10.819006944444444,274.95625
2017-05-03,0.31179928232828785,40.936448445727066,241.150924682617,11.462275711159737,106.21225382932167
2017-05-04,0.8623789876302085,68.26218899447561,276.141296386719,12.386680555555555,161.03680555555556
2017-05-05,1.7216425880432136,122.24681098531694,220.650024414063,14.9890625,332.4902777777778
2017-05-06,0.2993945607503256,22.204788189146523,202.306945800781,13.433583333333333,48.9375
2017-05-07,0.5500023503621422,39.00725889093207,146.328552246094,12.88786111111111,94.0875
2017-05-08,1.1007186574300134,80.05226599491007,279.495254516602,16.294916666666666,207.88472222222222
2017-05-09,1.4630490152994797,103.88513718102814,259.48974609375,16.79047222222222,290.4138888888889
2017-05-10,1.138335509236654,82.3885772668266,275.715087890625,15.415819444444443,208.54305555555555
2017-05-11,0.46439182434082044,34.74253049931325,165.724273681641,14.322083333333333,77.8013888888889
2017-05-12,0.7596780614217126,56.203062497290695,270.214965820313,16.012305555555557,134.44791666666666
2017-05-13,1.6836013165791837,118.56347299853407,217.606262207031,17.541,330.6375
2017-05-14,1.4190093882242842,99.46327487553395,240.32958984375,19.01752777777778,275.2576388888889
2017-05-15,1.6574676851908374,116.72307642188996,212.416259765625,20.7749375,327.68055555555554
2017-05-16,1.5628276405334478,108.52969725926721,217.430419921875,21.889354166666667,309.71666666666664
2017-05-17,1.5920058138529465,111.0701730595079,203.164123535156,22.976062499999998,319.23541666666665
2017-05-18,0.0,,,22.78207638888889,238.91458333333333
2017-05-19,0.0,,,18.14311111111111,153.12916666666666
2017-05-20,0.0,,,18.061743055555556,294.37291666666664
2017-05-21,0.0,,,19.9821875,335.33194444444445
2017-05-22,0.0,,,21.642935843793584,324.58716875871687
2017-05-23,1.585373170471192,108.83568676003605,226.313354492188,22.94876388888889,316.59791666666666
2017-05-24,1.4664180610656745,101.01616953380076,200.587600708008,24.874284722222225,294.5111111111111
2017-05-25,1.3360262791951503,120.18227399056823,244.654541015625,22.988907446068197,279.874739039666
2017-05-26,1.5090277689615892,103.00530846154192,205.72119140625,22.83688888888889,298.4125
2017-05-27,1.601442956542969,109.06535458862446,202.809326171875,24.2658125,322.0284722222222
2017-05-28,1.5662526952107754,106.91144677206657,199.219665527344,25.592444444444446,319.0152777777778
2017-05-29,1.5633622230529793,106.11055812576782,194.793884277344,25.879756944444445,316.88680555555555
2017-05-30,1.5978592765808113,107.23887762287325,198.623199462891,25.33075,322.93194444444447
2017-05-31,1.6285964932759611,109.79302201860412,203.176666259766,24.327152173913046,339.0920289855072
2017-06-01,1.5161514185587568,102.09773862348531,214.966049194336,23.623499999999996,304.0861111111111
2017-06-02,1.6321559969584154,110.52975148702588,202.788543701172,23.93495138888889,328.46736111111113
2017-06-03,1.6141152674357102,109.67940662077305,205.443878173828,23.851819444444445,327.1638888888889
2017-06-04,1.2103605422973638,87.8133404326987,253.514282226563,23.215875,234.97847222222222
2017-06-05,0.7469783462524416,53.54683485680585,223.858154296875,20.565256944444446,132.19166666666666
2017-06-06,0.9060285001118983,61.84494881309886,256.499267578125,19.55152777777778,169.90347222222223
2017-06-07,1.7061683893839525,113.99788793211265,217.015380859375,20.857097222222222,342.56944444444446
2017-06-08,0.0,,,20.313736111111112,271.5395833333333
2017-06-09,0.0,,,21.899534722222224,224.90069444444444
2017-06-10,0.0,,,24.648458333333334,314.74652777777777
2017-06-11,0.0,,,26.12051388888889,316.71805555555557
2017-06-12,1.1520985453287766,116.96431932271845,191.033264160156,26.755428167020522,299.06298655343244
2017-06-13,1.5299550046284998,102.68154393479863,200.350402832031,27.267152777777774,310.06805555555553
2017-06-14,1.152743788146973,85.49397687122175,188.262817382813,26.143138888888892,224.66805555555555
2017-06-15,1.1078413942972825,77.38123825126536,227.623397827148,25.206833333333332,215.18472222222223
2017-06-16,0.9673591036478681,81.5190255883035,224.906433105469,27.381585639491398,236.31712789827972
2017-06-17,1.642043408966065,107.44013581021144,207.435485839844,28.645000000000003,335.1736111111111
2017-06-18,0.0,,,25.246708333333334,333.1666666666667
2017-06-19,0.0,,,25.964155052264807,409.35104529616723
2017-06-20,0.0,,,,
2017-06-21,1.1838421417236333,119.78166695348735,201.394195556641,29.194647887323942,408.1220657276995
2017-06-22,0.4896739295959474,56.50083803030162,172.335647583008,27.797604456824512,293.6490250696379
2017-06-23,1.580351876322429,104.54367428814304,198.317977905273,26.962354166666668,316.7451388888889
2017-06-24,1.4759518536885585,98.28758182165762,209.407531738281,27.338854166666664,296.50555555555553
2017-06-25,1.258251634470622,94.25105876184435,239.851226806641,24.993965277777775,251.51319444444445
2017-06-26,1.3405752314249677,100.2924113285512,222.035491943359,24.4199375,265.19930555555555
2017-06-27,0.8006007804870608,76.85767492675784,248.082275390625,23.8606875,236.54791666666668
2017-06-28,0.7045723482767742,50.02880579480053,247.395446777344,21.612027777777776,132.54652777777778
2017-06-29,0.0,,,18.940506944444447,182.96805555555557
2017-06-30,1.2810920313517256,85.97933096320307,251.003265380859,20.44290579710145,257.4550724637681
2017-07-01,1.602837471008301,106.61890051053001,254.663299560547,20.18095138888889,305.64444444444445
2017-07-02,1.5077282424926763,100.85138745770409,276.438446044922,22.555902777777778,306.6076388888889
2017-07-03,1.6052194435119633,106.54111350743119,202.432662963867,25.035416666666666,326.7597222222222
2017-07-04,1.5781381347656251,105.7969699284218,197.646423339844,25.518027777777778,318.58819444444447
2017-07-05,1.5728401626586923,104.62351414581103,197.393188476563,26.69313888888889,316.6694444444444
2017-07-06,1.5583784642537444,104.58915867474795,193.390563964844,27.776895833333334,318.2527777777778
2017-07-07,1.2756398712158208,122.07080107328429,196.119964599609,27.799645833333333,320.91180555555553
2017-07-08,0.0030383921305338546,2.804669658954327,7.59785461425781,28.76625,311.9625
2017-07-09,0.9527750773111984,64.59492049567446,216.871597290039,27.399145833333332,180.1784722222222
2017-07-10,0.0,,,25.016004566210047,265.54718417047184
2017-07-11,0.9352815905253097,81.32883395872257,250.774871826172,23.831020833333334,210.48263888888889
2017-07-12,1.3012371938069667,99.33108349671501,229.077392578125,25.29490277777778,265.1722222222222
2017-07-13,1.505325581359864,101.82585668725123,203.443450927734,27.46847222222222,306.87361111111113
2017-07-14,1.4540827273050947,104.98792254910431,257.985168457031,24.17029965156794,281.78055555555557
2017-07-15,1.4220566696166999,98.52586625519861,220.334899902344,25.48964583333333,281.23333333333335
2017-07-16,1.6405360150655117,111.22278068240757,208.534790039063,24.313680555555553,326.94375
2017-07-17,1.515710272979737,104.41172948195663,226.659118652344,25.218541666666663,302.0180555555556
2017-07-18,1.552992064921062,106.7348498227534,196.649719238281,26.143923611111113,316.4875
2017-07-19,1.4518206563313807,99.32638469769994,192.820205688477,26.478472222222223,291.0229166666667
2017-07-20,1.1953863657633468,81.50361584750092,233.128051757813,25.612354166666666,231.05972222222223
2017-07-21,1.1501387799580896,84.05399122714417,235.669555664063,25.375013888888887,220.61875
2017-07-22,1.4883540252685552,102.88161464990013,220.633178710938,25.961951388888888,299.88194444444446
2017-07-23,1.5644565447489425,107.8935548102719,198.643798828125,26.271631944444444,316.43125
2017-07-24,1.0998445442199711,77.00195175402365,232.310256958008,24.047013888888888,212.5326388888889
2017-07-25,1.6808759007771819,117.5437692851176,213.045776367188,24.931430555555558,334.5777777777778
2017-07-26,1.100667022196452,121.17435106749932,227.597091674805,24.41767361111111,290.0472222222222
2017-07-27,0.0,,,25.33803472222222,257.18611111111113
2017-07-28,1.2374988868713384,115.6541015767606,219.989410400391,25.47265972222222,284.9326388888889
2017-07-29,0.950823638661703,108.0481407570117,227.431091308594,26.188319444444446,255.0673611111111
2017-07-30,1.4465835403442389,110.1459548485461,226.274108886719,24.15707638888889,287.5486111111111
2017-07-31,1.3730200190226243,96.8051717289747,260.107971191406,26.571884057971012,283.1985507246377
2017-08-01,1.347380938212077,96.81779196733488,201.147659301758,28.837534722222223,269.57430555555555
2017-08-02,1.4989708801269537,104.9454525176397,192.578125,30.02770138888889,304.84166666666664
2017-08-03,1.3950368214925133,101.3343938130155,212.743499755859,30.977430555555557,291.25694444444446
2017-08-04,0.9007827926635746,95.3209304405899,188.377075195313,30.95913888888889,300.1791666666667
2017-08-05,1.3608217725118006,107.71676299565704,192.059417724609,31.283881944444445,302.7104166666667
2017-08-06,0.6073345258076988,64.38175185240624,244.789031982422,27.828972222222223,211.11041666666668
2017-08-07,1.3212105133056646,101.63157794658959,248.353042602539,25.755736111111112,278.08819444444447
2017-08-08,1.0929156903584802,86.85422704835605,252.161773681641,25.042041666666666,217.5222222222222
2017-08-09,0.0,,,25.892805555555555,219.27152777777778
2017-08-10,0.0,,,24.518034843205573,152.72822299651568
2017-08-11,0.0003096267700195313,0.7431042480468751,0.824478149414063,19.370944444444444,191.48611111111111
2017-08-12,1.653769501241049,120.71310228036853,215.366363525391,22.59225,330.37291666666664
2017-08-13,1.511422299957276,111.13399264391734,224.009582519531,23.927131944444444,301.64166666666665
2017-08-14,1.4086127593994147,102.81844959119816,256.876220703125,25.05216666666667,281.9166666666667
2017-08-15,1.5225845230102544,111.9547443389893,198.861602783203,25.90592361111111,310.40069444444447
2017-08-16,1.3501673266092942,99.15549522222479,206.579223632813,27.126583333333333,271.53055555555557
2017-08-17,1.4490512290954591,107.07275091838369,200.72021484375,27.764576388888887,294.30069444444445
2017-08-18,6.836132310994473,736.3876816152035,45619.0307617188,27.684986111111108,250.76041666666666
2017-08-19,1.3990588615417485,105.19239560464274,197.981414794922,25.630145833333337,279.54375
2017-08-20,1.5501750345865892,114.54495329457556,205.486633300781,23.73984027777778,311.9916666666667
2017-08-21,1.4682083765665697,110.11562824249273,247.714797973633,23.55513888888889,295.55
2017-08-22,1.5181548835754402,114.14698372747671,206.417419433594,23.78673611111111,303.74444444444447
2017-08-23,0.6682370419820153,112.30874655159921,194.527252197266,24.671513888888892,301.1951388888889
2017-08-24,1.4492379442850756,109.6523034768027,205.015487670898,25.64929861111111,290.37083333333334
2017-08-25,1.2575002128601078,118.07513735775662,186.353424072266,26.387263888888892,278.15833333333336
2017-08-26,0.08048250528971355,33.53437720404732,77.2322387695313,27.439631944444443,260.7576388888889
2017-08-27,1.3682948577880865,105.79599415887266,191.868225097656,28.316881944444443,278.21180555555554
2017-08-28,0.914441228739421,72.76720653098842,212.93327331543,27.581872816212442,177.45911949685535
2017-08-29,0.8457033620198572,113.77175273809739,220.6337890625,26.31915277777778,263.09930555555553
2017-08-30,1.2788896202087408,98.25016288415422,186.558822631836,26.989520833333337,257.49791666666664
2017-08-31,0.7749783943176273,64.49196069217425,218.644775390625,25.6151231884058,157.0623188405797
2017-09-01,1.0787960736592614,88.42590767698864,252.134765625,23.25828472222222,208.44027777777777
2017-09-02,0.20263745930989596,18.14663814715486,46.6725769042969,16.133993055555557,32.34930555555555
2017-09-03,1.5658618161519375,123.13461201719038,208.441040039063,19.501916666666666,309.09305555555557
2017-09-04,1.38755902226766,110.26959117358888,241.524047851563,20.28067361111111,268.63055555555553
2017-09-05,1.2535895978291836,138.77375621725278,202.551635742188,21.843034722222225,293.41805555555555
2017-09-06,1.1812294225056972,97.48798535122673,209.973724365234,22.39086111111111,236.1576388888889
2017-09-07,1.163859722900391,104.07091411926001,220.317687988281,22.2853125,250.38194444444446
2017-09-08,1.0051705716451012,88.17285716185098,213.5625,20.334395833333332,208.01319444444445
2017-09-09,0.5770533482869467,54.69699983762527,215.7646484375,19.43477083333333,111.65
2017-09-10,0.2346384244283041,22.78042955614603,98.4435424804688,14.657333333333334,42.33402777777778
2017-09-11,1.1428414906819666,103.58079975969486,236.469909667969,18.96823611111111,242.5013888888889
2017-09-12,1.2159892517089848,108.24830133907876,211.402221679688,20.025416666666665,254.9951388888889
2017-09-13,0.0,,,18.761069444444445,255.93055555555554
2017-09-14,0.0,,,17.716799719887955,32.80882352941177
2017-09-15,0.5272576449076336,44.809431578552434,202.283843994141,15.586208333333333,90.05902777777777
2017-09-16,1.1192602030436203,96.6267801188737,245.409118652344,15.60447222222222,210.4451388888889
2017-09-17,1.38831821568807,117.65408607526017,234.590682983398,15.278131944444443,268.5208333333333
2017-09-18,0.6021743609110517,60.117240689955246,144.069946289063,14.8033125,113.39652777777778
2017-09-19,1.4789246437072758,123.93223271290022,204.348999023438,16.40417361111111,287.8951388888889
2017-09-20,1.4836060775756843,123.80579228726155,204.162902832031,17.138402777777777,289.9486111111111
2017-09-21,1.4674711135864262,123.66329608874376,203.014953613281,16.95780436312456,288.33125
2017-09-22,1.3530343630472823,115.1518606848751,204.550735473633,17.186715277777775,260.9902777777778
2017-09-23,7.472979596455894,893.1848123254057,53302.005859375,18.230645833333334,225.95763888888888
2017-09-24,1.2769613733927414,109.76745330023564,226.688873291016,18.801270833333334,249.4736111111111
2017-09-25,0.9824668599446618,87.07239526835997,227.007766723633,17.8678125,187.67708333333334
2017-09-26,1.1442505889892585,99.7892955513888,197.632415771484,18.304534722222222,224.04791666666668
2017-09-27,1.2347719248453781,106.75261598086843,190.267822265625,19.5175625,241.125
2017-09-28,1.0102411666870121,93.83044891829833,198.075988769531,18.940152777777776,216.32291666666666
2017-09-29,0.7977663663228355,70.59879347989695,155.119506835938,18.184430555555558,148.18333333333334
2017-09-30,0.3331140085856122,53.44075004047254,143.3466796875,17.690768115942028,108.88985507246377
2017-10-01,0.0,,,15.510798611111111,42.80902777777778
2017-10-02,0.5722994532267255,65.78154634789948,234.324371337891,16.123993055555555,117.93055555555556
2017-10-03,0.2790227185567222,41.54184395385443,194.318252563477,16.34877777777778,76.80069444444445
2017-10-04,0.5364244344075523,49.28861571891751,165.91357421875,16.15061111111111,99.15208333333334
2017-10-05,1.080421880849203,95.47174204853046,203.343887329102,17.07934722222222,207.32430555555555
2017-10-06,1.307772001902263,116.59185752471883,202.583831787109,17.414236111111112,255.3798611111111
2017-10-07,1.3719779474894214,123.41630712048767,200.687347412109,15.929013888888887,267.4923611111111
2017-10-08,1.2994302447001143,119.94740720308747,195.187149047852,16.453993055555557,254.11180555555555
2017-10-09,1.145101314544678,109.75411960492121,187.459716796875,16.18632638888889,233.80972222222223
2017-10-10,0.46501923344930024,99.29236301408545,182.143798828125,16.12004861111111,217.62916666666666
2017-10-11,0.8897652191162114,85.5543479919434,174.579895019531,16.409881944444443,180.24583333333334
2017-10-12,0.8498710390726731,121.4101484389533,176.504455566406,16.60693379790941,215.53728222996514
2017-10-13,1.05957769317627,99.49086320903942,169.218994140625,16.726187499999998,208.88194444444446
2017-10-14,1.0665464024861655,99.67723387721173,167.802612304688,17.288444444444444,210.175
2017-10-15,2.2397426175435378,284.1111142761359,43829.6497955322,17.421347222222224,216.4597222222222
2017-10-16,1.1243956031799323,105.08370123176935,179.254150390625,17.291194444444443,223.30069444444445
2017-10-17,0.8467873573303226,80.51860767007823,174.280059814453,16.243368055555557,163.19375
2017-10-18,0.9266527590433761,88.67490517161492,148.631362915039,15.813666666666666,181.44027777777777
2017-10-19,0.7312261927286787,71.22333046058559,137.642578125,13.73884722222222,141.86111111111111
2017-10-20,0.20429033253987638,21.849233426724748,70.8997802734375,12.526659722222222,37.522222222222226
2017-10-21,0.17323870315551765,18.967741221407042,44.0715026855469,13.83159027777778,30.622222222222224
2017-10-22,0.44992558593750015,46.62441305051815,162.666259765625,14.432701388888889,84.39097222222222
2017-10-23,1.3054147656758632,125.31981750488286,201.168823242188,15.611951388888889,247.92708333333334
2017-10-24,0.0,,,15.664590277777776,215.12152777777777
2017-10-25,1.1031444719950363,107.44913688263341,184.858779907227,14.356455431754874,208.97847222222222
2017-10-26,0.8095296910603845,80.68402236482237,157.288513183594,13.796338225017472,150.7486111111111
2017-10-27,0.0,,,15.326819444444444,184.1611111111111
2017-10-28,0.0,,,13.203812500000002,125.45902777777778
2017-10-29,0.0,,,14.03606397774687,93.30785267546908
2017-10-30,0.0,,,13.885243055555556,187.3375
2017-10-31,0.0,,,13.180159722222223,184.35486111111112
2017-11-01,0.0,,,11.908902777777778,171.18125
2017-11-02,0.0,,,11.560069444444444,49.36527777777778
2017-11-03,0.0,,,13.645722222222222,165.21597222222223
2017-11-04,0.0,,,13.195277777777779,22.65625
2017-11-05,0.0,,,10.55813888888889,13.057638888888889
2017-11-06,0.1176110354105632,13.466912451591206,80.5924072265625,8.855472222222222,19.377777777777776
2017-11-07,0.18755650965372728,25.63414710529302,64.0682373046875,9.121315240083508,32.44050104384134
2017-11-08,0.0,,,9.880604166666666,31.352777777777778
2017-11-09,0.0,,,10.017409722222222,18.30902777777778
2017-11-10,0.24726007105509443,137.36670614171913,169.550354003906,9.768236111111111,119.13125
2017-11-11,0.955898347727458,99.57274455494354,178.560363769531,8.329847222222222,174.89930555555554
2017-11-12,0.08663832931518561,10.501615674567953,28.92626953125,7.150819444444445,14.807638888888889
2017-11-13,0.026944787089029962,12.24763049501362,27.0844116210938,8.155430555555556,29.2
2017-11-14,1.0181960411071784,109.09243297576911,187.179565429688,8.457756944444444,188.77777777777777
2017-11-15,0.9747853607177737,104.25511879334478,179.608596801758,7.379020833333334,179.88958333333332
2017-11-16,0.9231492703755703,102.3825438494163,167.682586669922,8.819861111111111,169.43055555555554
2017-11-17,0.9453920349121097,102.57418100312222,174.083343505859,8.70782638888889,176.07569444444445
2017-11-18,0.7409847574869797,100.81425271931698,162.34765625,8.522583333333333,175.54722222222222
2017-11-19,0.9853518272399908,107.68872428852359,172.443054199219,8.013618055555556,181.55208333333334
2017-11-20,0.9369710016886397,102.7756126166698,168.941009521484,7.92432638888889,172.91875
2017-11-21,0.5988758410135908,67.41566690584511,211.3623046875,9.886256944444444,109.0625
2017-11-22,0.0,,,9.304770833333334,57.14513888888889
2017-11-23,0.14854621149698896,29.222205540391272,103.300094604492,9.543983110485573,57.891625615763544
2017-11-24,0.08933115666707363,16.0475131737258,26.0851745605469,8.655569444444446,17.42361111111111
2017-11-25,0.013279218037923179,2.4743884542714,11.0460052490234,8.30236111111111,4.08125
2017-11-26,1.008412874603272,113.94495758229061,189.387176513672,8.832597222222223,185.71527777777777
2017-11-27,0.9974087791442875,112.06840215104354,170.654449462891,5.716236111111111,184.50347222222223
2017-11-28,0.08841048202514651,10.8037248910566,30.2423400878906,4.270555555555556,14.322916666666666
2017-11-29,0.03966884714762372,7.604251849384737,16.037109375,4.304180555555556,9.347222222222221
2017-11-30,1.008814237213135,115.51308059692384,182.719039916992,5.607631944444444,186.39652777777778
2017-12-01,0.4409149876912437,52.179288484170854,196.346282958984,4.2290069444444445,73.60069444444444
2017-12-02,0.11017701263427741,13.68658542040713,23.0479431152344,4.781881944444445,17.616666666666667
2017-12-03,0.9182302083333337,105.14086354961836,168.201385498047,3.3238680555555553,167.54305555555555
2017-12-04,0.4468969660441083,51.26925040658986,126.628967285156,2.8166805555555556,78.65416666666667
2017-12-05,0.0,,,4.096402226861517,130.37160751565762
2017-12-06,0.47549423090616877,100.45652765623285,157.702331542969,5.941708333333333,165.06597222222223
2017-12-07,0.33472051264444996,36.31687298131464,158.0390625,5.796270833333333,31.64236111111111
2017-12-08,0.17083161773681646,23.08535374821844,123.553344726563,5.682604166666667,28.198611111111113
2017-12-09,1.0015151402791345,116.6813755665011,180.720977783203,5.726229166666667,185.6
2017-12-10,0.053615662892659524,7.054692485876254,17.8773345947266,1.1395069444444446,8.66875
2017-12-11,0.0024642908732096357,0.8168920021689401,0.9190673828125,0.7539652777777778,2.888888888888889
2017-12-12,0.34872663319905606,40.7867407250358,164.056640625,2.5622430555555558,57.800694444444446
2017-12-13,0.7536115053812664,90.25287489596005,164.999771118164,2.9071805555555557,135.64027777777778
2017-12-14,0.5646350069681805,74.45736355624358,178.905029296875,4.460881944444444,102.20416666666667
2017-12-15,0.22631344248453783,27.9399311709306,179.355773925781,2.2453680555555553,39.07361111111111
2017-12-16,0.24861362864176437,48.58898279643603,169.56884765625,2.6670555555555557,77.90833333333333
2017-12-17,0.9446825373331711,112.23950938611935,170.039428710938,3.6122083333333332,174.04861111111111
2017-12-18,0.5132717709859216,60.50354864274125,191.455841064453,2.564208333333333,90.1361111111111
2017-12-19,0.7597086766560875,87.82759267700435,155.496490478516,2.0498958333333333,135.78819444444446
2017-12-20,0.7506448628743493,89.36248367551778,156.628021240234,1.7749722222222222,132.96180555555554
2017-12-21,0.7715054311116538,90.94366574990025,150.635604858398,1.7084236111111113,137.70486111111111
2017-12-22,0.188481354268392,32.219034917673845,83.09765625,2.0525486111111113,39.12083333333333
2017-12-23,0.736073836008708,85.58998093124512,162.667999267578,3.791041666666667,132.40625
2017-12-24,0.8897800933837896,105.29941933535972,164.81201171875,5.557569444444444,164.47569444444446
2017-12-25,0.5186397824605307,62.4867207783772,197.218963623047,6.255680555555556,93.12986111111111
2017-12-26,0.03185981547037761,5.280632398405129,12.2132263183594,4.839083333333333,5.990277777777778
2017-12-27,0.008214934539794924,1.8741295528049255,6.98194885253906,4.323520833333333,3.157638888888889
2017-12-28,0.8591261349995933,104.55896166323652,189.899261474609,6.067180555555556,154.39236111111111
2017-12-29,0.8178492973327641,96.78689909263481,175.219116210938,4.5805625,153.81041666666667
2017-12-30,0.7055232915242515,84.66279498291019,187.056442260742,3.92275,125.42222222222222
2017-12-31,0.12540791600545254,16.112366082070988,45.8646240234375,3.548701388888889,20.95486111111111
2018-01-01,0.0,,,,
